[{"model": "auth.permission", "pk": 1, "fields": {"name": "Can add log entry", "content_type": 1, "codename": "add_logentry"}}, {"model": "auth.permission", "pk": 2, "fields": {"name": "Can change log entry", "content_type": 1, "codename": "change_logentry"}}, {"model": "auth.permission", "pk": 3, "fields": {"name": "Can delete log entry", "content_type": 1, "codename": "delete_logentry"}}, {"model": "auth.permission", "pk": 4, "fields": {"name": "Can view log entry", "content_type": 1, "codename": "view_logentry"}}, {"model": "auth.permission", "pk": 5, "fields": {"name": "Can add permission", "content_type": 2, "codename": "add_permission"}}, {"model": "auth.permission", "pk": 6, "fields": {"name": "Can change permission", "content_type": 2, "codename": "change_permission"}}, {"model": "auth.permission", "pk": 7, "fields": {"name": "Can delete permission", "content_type": 2, "codename": "delete_permission"}}, {"model": "auth.permission", "pk": 8, "fields": {"name": "Can view permission", "content_type": 2, "codename": "view_permission"}}, {"model": "auth.permission", "pk": 9, "fields": {"name": "Can add group", "content_type": 3, "codename": "add_group"}}, {"model": "auth.permission", "pk": 10, "fields": {"name": "Can change group", "content_type": 3, "codename": "change_group"}}, {"model": "auth.permission", "pk": 11, "fields": {"name": "Can delete group", "content_type": 3, "codename": "delete_group"}}, {"model": "auth.permission", "pk": 12, "fields": {"name": "Can view group", "content_type": 3, "codename": "view_group"}}, {"model": "auth.permission", "pk": 13, "fields": {"name": "Can add user", "content_type": 4, "codename": "add_user"}}, {"model": "auth.permission", "pk": 14, "fields": {"name": "Can change user", "content_type": 4, "codename": "change_user"}}, {"model": "auth.permission", "pk": 15, "fields": {"name": "Can delete user", "content_type": 4, "codename": "delete_user"}}, {"model": "auth.permission", "pk": 16, "fields": {"name": "Can view user", "content_type": 4, "codename": "view_user"}}, {"model": "auth.permission", "pk": 17, "fields": {"name": "Can add content type", "content_type": 5, "codename": "add_contenttype"}}, {"model": "auth.permission", "pk": 18, "fields": {"name": "Can change content type", "content_type": 5, "codename": "change_contenttype"}}, {"model": "auth.permission", "pk": 19, "fields": {"name": "Can delete content type", "content_type": 5, "codename": "delete_contenttype"}}, {"model": "auth.permission", "pk": 20, "fields": {"name": "Can view content type", "content_type": 5, "codename": "view_contenttype"}}, {"model": "auth.permission", "pk": 21, "fields": {"name": "Can add session", "content_type": 6, "codename": "add_session"}}, {"model": "auth.permission", "pk": 22, "fields": {"name": "Can change session", "content_type": 6, "codename": "change_session"}}, {"model": "auth.permission", "pk": 23, "fields": {"name": "Can delete session", "content_type": 6, "codename": "delete_session"}}, {"model": "auth.permission", "pk": 24, "fields": {"name": "Can view session", "content_type": 6, "codename": "view_session"}}, {"model": "auth.permission", "pk": 25, "fields": {"name": "Can add product", "content_type": 7, "codename": "add_product"}}, {"model": "auth.permission", "pk": 26, "fields": {"name": "Can change product", "content_type": 7, "codename": "change_product"}}, {"model": "auth.permission", "pk": 27, "fields": {"name": "Can delete product", "content_type": 7, "codename": "delete_product"}}, {"model": "auth.permission", "pk": 28, "fields": {"name": "Can view product", "content_type": 7, "codename": "view_product"}}, {"model": "auth.permission", "pk": 29, "fields": {"name": "Can add cart", "content_type": 8, "codename": "add_cart"}}, {"model": "auth.permission", "pk": 30, "fields": {"name": "Can change cart", "content_type": 8, "codename": "change_cart"}}, {"model": "auth.permission", "pk": 31, "fields": {"name": "Can delete cart", "content_type": 8, "codename": "delete_cart"}}, {"model": "auth.permission", "pk": 32, "fields": {"name": "Can view cart", "content_type": 8, "codename": "view_cart"}}, {"model": "auth.permission", "pk": 33, "fields": {"name": "Can add cart item", "content_type": 9, "codename": "add_cartitem"}}, {"model": "auth.permission", "pk": 34, "fields": {"name": "Can change cart item", "content_type": 9, "codename": "change_cartitem"}}, {"model": "auth.permission", "pk": 35, "fields": {"name": "Can delete cart item", "content_type": 9, "codename": "delete_cartitem"}}, {"model": "auth.permission", "pk": 36, "fields": {"name": "Can view cart item", "content_type": 9, "codename": "view_cartitem"}}, {"model": "auth.permission", "pk": 37, "fields": {"name": "Can add order", "content_type": 10, "codename": "add_order"}}, {"model": "auth.permission", "pk": 38, "fields": {"name": "Can change order", "content_type": 10, "codename": "change_order"}}, {"model": "auth.permission", "pk": 39, "fields": {"name": "Can delete order", "content_type": 10, "codename": "delete_order"}}, {"model": "auth.permission", "pk": 40, "fields": {"name": "Can view order", "content_type": 10, "codename": "view_order"}}, {"model": "auth.permission", "pk": 41, "fields": {"name": "Can add order item", "content_type": 11, "codename": "add_orderitem"}}, {"model": "auth.permission", "pk": 42, "fields": {"name": "Can change order item", "content_type": 11, "codename": "change_orderitem"}}, {"model": "auth.permission", "pk": 43, "fields": {"name": "Can delete order item", "content_type": 11, "codename": "delete_orderitem"}}, {"model": "auth.permission", "pk": 44, "fields": {"name": "Can view order item", "content_type": 11, "codename": "view_orderitem"}}, {"model": "auth.user", "pk": 1, "fields": {"password": "pbkdf2_sha256$320000$PxxKD7TC8aWUi2NMRQ7zWO$tFWPbBDGm3yR/uFGwYpjGgrnEShsk9nbsXfNEryT0Y0=", "last_login": "2022-09-04T16:30:38.880Z", "is_superuser": false, "username": "mhmdreda99", "first_name": "Mohamed", "last_name": "Reda", "email": "Mohamedreda26499@gmail.com", "is_staff": false, "is_active": true, "date_joined": "2022-09-02T19:27:10.603Z", "groups": [], "user_permissions": []}}, {"model": "contenttypes.contenttype", "pk": 1, "fields": {"app_label": "admin", "model": "logentry"}}, {"model": "contenttypes.contenttype", "pk": 2, "fields": {"app_label": "auth", "model": "permission"}}, {"model": "contenttypes.contenttype", "pk": 3, "fields": {"app_label": "auth", "model": "group"}}, {"model": "contenttypes.contenttype", "pk": 4, "fields": {"app_label": "auth", "model": "user"}}, {"model": "contenttypes.contenttype", "pk": 5, "fields": {"app_label": "contenttypes", "model": "contenttype"}}, {"model": "contenttypes.contenttype", "pk": 6, "fields": {"app_label": "sessions", "model": "session"}}, {"model": "contenttypes.contenttype", "pk": 7, "fields": {"app_label": "products", "model": "product"}}, {"model": "contenttypes.contenttype", "pk": 8, "fields": {"app_label": "carts", "model": "cart"}}, {"model": "contenttypes.contenttype", "pk": 9, "fields": {"app_label": "carts", "model": "cartitem"}}, {"model": "contenttypes.contenttype", "pk": 10, "fields": {"app_label": "orders", "model": "order"}}, {"model": "contenttypes.contenttype", "pk": 11, "fields": {"app_label": "orders", "model": "orderitem"}}, {"model": "sessions.session", "pk": "2npyvp795e1n3w6z7v49924q8oy4m9fd", "fields": {"session_data": ".eJxVjMEOwiAQBf-FsyHAAgWP3v0GAuwiVQNJaU_Gf9cmPej1zcx7sRC3tYZt0BJmZGcm2el3SzE_qO0A77HdOs-9rcuc-K7wgw5-7UjPy-H-HdQ46rcmjJkkaqckaC2EkNIpnyGhLSScAjEhFWPImwmT815ZUB7AIiWTYmHvD9WNN6I:1oUsW6:ciC6MciibqR1I_s9ODgvmqqvTpHQqsFlFd-ypeUtR6w", "expire_date": "2022-09-18T16:30:38.912Z"}}, {"model": "products.product", "pk": 1, "fields": {"name": "Foil - Round Foil", "price": "36.52"}}, {"model": "products.product", "pk": 2, "fields": {"name": "Bread Bowl Plain", "price": "79.90"}}, {"model": "products.product", "pk": 3, "fields": {"name": "Rolled Oats", "price": "37.95"}}, {"model": "products.product", "pk": 4, "fields": {"name": "Steel Wool", "price": "82.19"}}, {"model": "products.product", "pk": 5, "fields": {"name": "Wine - White, Ej Gallo", "price": "75.58"}}, {"model": "products.product", "pk": 6, "fields": {"name": "Stock - Veal, Brown", "price": "51.62"}}, {"model": "products.product", "pk": 7, "fields": {"name": "Tomatoes - Vine Ripe, Yellow", "price": "25.60"}}, {"model": "products.product", "pk": 8, "fields": {"name": "Lobster - Cooked", "price": "60.28"}}, {"model": "products.product", "pk": 9, "fields": {"name": "Capon - Breast, Wing On", "price": "34.18"}}, {"model": "products.product", "pk": 10, "fields": {"name": "Apple - Custard", "price": "27.20"}}, {"model": "products.product", "pk": 11, "fields": {"name": "Vinegar - White", "price": "22.39"}}, {"model": "products.product", "pk": 12, "fields": {"name": "Lemon Pepper", "price": "58.41"}}, {"model": "products.product", "pk": 13, "fields": {"name": "Silicone Paper 16.5x24", "price": "98.94"}}, {"model": "products.product", "pk": 14, "fields": {"name": "Pasta - Lasagna Noodle, Frozen", "price": "51.09"}}, {"model": "products.product", "pk": 15, "fields": {"name": "Syrup - Monin, Amaretta", "price": "83.72"}}, {"model": "products.product", "pk": 16, "fields": {"name": "Onions - Green", "price": "36.72"}}, {"model": "products.product", "pk": 17, "fields": {"name": "Cake - Bande Of Fruit", "price": "42.53"}}, {"model": "products.product", "pk": 18, "fields": {"name": "Pastry - French Mini Assorted", "price": "63.74"}}, {"model": "products.product", "pk": 19, "fields": {"name": "Pork - Backfat", "price": "43.31"}}, {"model": "products.product", "pk": 20, "fields": {"name": "Relish", "price": "71.86"}}, {"model": "products.product", "pk": 21, "fields": {"name": "Tea Leaves - Oolong", "price": "4.77"}}, {"model": "products.product", "pk": 22, "fields": {"name": "Olives - Nicoise", "price": "84.92"}}, {"model": "products.product", "pk": 23, "fields": {"name": "Dried Figs", "price": "57.72"}}, {"model": "products.product", "pk": 24, "fields": {"name": "Pernod", "price": "58.17"}}, {"model": "products.product", "pk": 25, "fields": {"name": "Vol Au Vents", "price": "38.77"}}, {"model": "products.product", "pk": 26, "fields": {"name": "Bread Bowl Plain", "price": "92.97"}}, {"model": "products.product", "pk": 27, "fields": {"name": "Tea - Darjeeling, Azzura", "price": "8.98"}}, {"model": "products.product", "pk": 28, "fields": {"name": "French Kiss Vanilla", "price": "75.73"}}, {"model": "products.product", "pk": 29, "fields": {"name": "Paper Cocktail Umberlla 80 - 180", "price": "19.04"}}, {"model": "products.product", "pk": 30, "fields": {"name": "Ranchero - Primerba, Paste", "price": "48.21"}}, {"model": "products.product", "pk": 31, "fields": {"name": "Beans - Soya Bean", "price": "97.72"}}, {"model": "products.product", "pk": 32, "fields": {"name": "Wine - Pinot Noir Pond Haddock", "price": "72.47"}}, {"model": "products.product", "pk": 33, "fields": {"name": "Sprouts - Peppercress", "price": "26.15"}}, {"model": "products.product", "pk": 34, "fields": {"name": "Flavouring Vanilla Artificial", "price": "75.78"}}, {"model": "products.product", "pk": 35, "fields": {"name": "Wine - Chianti Classico Riserva", "price": "72.78"}}, {"model": "products.product", "pk": 36, "fields": {"name": "Chevere Logs", "price": "59.81"}}, {"model": "products.product", "pk": 37, "fields": {"name": "Creme De Cacao White", "price": "3.77"}}, {"model": "products.product", "pk": 38, "fields": {"name": "Wine - Barbera Alba Doc 2001", "price": "54.15"}}, {"model": "products.product", "pk": 39, "fields": {"name": "Truffle - Whole Black Peeled", "price": "42.43"}}, {"model": "products.product", "pk": 40, "fields": {"name": "French Kiss Vanilla", "price": "16.89"}}, {"model": "products.product", "pk": 41, "fields": {"name": "Lettuce - Escarole", "price": "72.22"}}, {"model": "products.product", "pk": 42, "fields": {"name": "Bag - Regular Kraft 20 Lb", "price": "28.77"}}, {"model": "products.product", "pk": 43, "fields": {"name": "Vegetable - Base", "price": "59.34"}}, {"model": "products.product", "pk": 44, "fields": {"name": "Chinese Foods - Pepper Beef", "price": "39.56"}}, {"model": "products.product", "pk": 45, "fields": {"name": "Oil - Grapeseed Oil", "price": "83.88"}}, {"model": "products.product", "pk": 46, "fields": {"name": "Wine - Zonnebloem Pinotage", "price": "42.09"}}, {"model": "products.product", "pk": 47, "fields": {"name": "Tart Shells - Sweet, 3", "price": "83.31"}}, {"model": "products.product", "pk": 48, "fields": {"name": "Split Peas - Yellow, Dry", "price": "6.08"}}, {"model": "products.product", "pk": 49, "fields": {"name": "Wine - Jackson Triggs Okonagan", "price": "8.68"}}, {"model": "products.product", "pk": 50, "fields": {"name": "Wine - Red, Black Opal Shiraz", "price": "86.52"}}, {"model": "products.product", "pk": 51, "fields": {"name": "Tea - Darjeeling, Azzura", "price": "58.95"}}, {"model": "products.product", "pk": 52, "fields": {"name": "Bread - Pullman, Sliced", "price": "71.95"}}, {"model": "products.product", "pk": 53, "fields": {"name": "Table Cloth 54x72 White", "price": "56.61"}}, {"model": "products.product", "pk": 54, "fields": {"name": "Cheese Cheddar Processed", "price": "68.20"}}, {"model": "products.product", "pk": 55, "fields": {"name": "Veal - Round, Eye Of", "price": "41.00"}}, {"model": "products.product", "pk": 56, "fields": {"name": "Glaze - Apricot", "price": "64.16"}}, {"model": "products.product", "pk": 57, "fields": {"name": "Beef - Ox Tongue, Pickled", "price": "41.41"}}, {"model": "products.product", "pk": 58, "fields": {"name": "Limes", "price": "84.36"}}, {"model": "products.product", "pk": 59, "fields": {"name": "Grapes - Green", "price": "3.83"}}, {"model": "products.product", "pk": 60, "fields": {"name": "Zucchini - Green", "price": "23.53"}}, {"model": "products.product", "pk": 61, "fields": {"name": "Peas - Frozen", "price": "41.29"}}, {"model": "products.product", "pk": 62, "fields": {"name": "Milk - Buttermilk", "price": "88.70"}}, {"model": "products.product", "pk": 63, "fields": {"name": "Appetizer - Mini Egg Roll, Shrimp", "price": "43.98"}}, {"model": "products.product", "pk": 64, "fields": {"name": "Veal - Sweetbread", "price": "38.71"}}, {"model": "products.product", "pk": 65, "fields": {"name": "Tortillas - Flour, 10", "price": "2.34"}}, {"model": "products.product", "pk": 66, "fields": {"name": "Beer - Tetleys", "price": "50.74"}}, {"model": "products.product", "pk": 67, "fields": {"name": "Shiro Miso", "price": "51.51"}}, {"model": "products.product", "pk": 68, "fields": {"name": "Calypso - Black Cherry Lemonade", "price": "61.14"}}, {"model": "products.product", "pk": 69, "fields": {"name": "Carbonated Water - Raspberry", "price": "50.45"}}, {"model": "products.product", "pk": 70, "fields": {"name": "Ketchup - Tomato", "price": "41.33"}}, {"model": "products.product", "pk": 71, "fields": {"name": "Fuji Apples", "price": "36.60"}}, {"model": "products.product", "pk": 72, "fields": {"name": "Cauliflower", "price": "2.81"}}, {"model": "products.product", "pk": 73, "fields": {"name": "Chips Potato All Dressed - 43g", "price": "19.75"}}, {"model": "products.product", "pk": 74, "fields": {"name": "Ice Cream - Vanilla", "price": "9.96"}}, {"model": "products.product", "pk": 75, "fields": {"name": "Turkey - Breast, Boneless Sk On", "price": "36.74"}}, {"model": "products.product", "pk": 76, "fields": {"name": "Oil - Sesame", "price": "32.33"}}, {"model": "products.product", "pk": 77, "fields": {"name": "Tea Leaves - Oolong", "price": "60.26"}}, {"model": "products.product", "pk": 78, "fields": {"name": "Napkin - Dinner, White", "price": "3.51"}}, {"model": "products.product", "pk": 79, "fields": {"name": "Sauce - Hp", "price": "87.27"}}, {"model": "products.product", "pk": 80, "fields": {"name": "Wine - Chateauneuf Du Pape", "price": "17.06"}}, {"model": "products.product", "pk": 81, "fields": {"name": "Beef - Prime Rib Aaa", "price": "22.46"}}, {"model": "products.product", "pk": 82, "fields": {"name": "Soup - Boston Clam Chowder", "price": "32.28"}}, {"model": "products.product", "pk": 83, "fields": {"name": "Muffin Hinge - 211n", "price": "30.99"}}, {"model": "products.product", "pk": 84, "fields": {"name": "Sultanas", "price": "86.92"}}, {"model": "products.product", "pk": 85, "fields": {"name": "Snapple Raspberry Tea", "price": "45.49"}}, {"model": "products.product", "pk": 86, "fields": {"name": "Bar Energy Chocchip", "price": "43.46"}}, {"model": "products.product", "pk": 87, "fields": {"name": "Trout - Hot Smkd, Dbl Fillet", "price": "19.38"}}, {"model": "products.product", "pk": 88, "fields": {"name": "Artichoke - Bottom, Canned", "price": "56.14"}}, {"model": "products.product", "pk": 89, "fields": {"name": "Sugar - Icing", "price": "29.17"}}, {"model": "products.product", "pk": 90, "fields": {"name": "Bread - Rolls, Corn", "price": "14.46"}}, {"model": "products.product", "pk": 91, "fields": {"name": "Cumin - Ground", "price": "27.11"}}, {"model": "products.product", "pk": 92, "fields": {"name": "Garam Marsala", "price": "53.92"}}, {"model": "products.product", "pk": 93, "fields": {"name": "Wanton Wrap", "price": "15.85"}}, {"model": "products.product", "pk": 94, "fields": {"name": "Trout Rainbow Whole", "price": "90.60"}}, {"model": "products.product", "pk": 95, "fields": {"name": "Sobe - Lizard Fuel", "price": "97.90"}}, {"model": "products.product", "pk": 96, "fields": {"name": "Pastry - Key Limepoppy Seed Tea", "price": "38.08"}}, {"model": "products.product", "pk": 97, "fields": {"name": "Ecolab Digiclean Mild Fm", "price": "48.61"}}, {"model": "products.product", "pk": 98, "fields": {"name": "Chinese Foods - Chicken", "price": "52.45"}}, {"model": "products.product", "pk": 99, "fields": {"name": "Lettuce - Lolla Rosa", "price": "77.68"}}, {"model": "products.product", "pk": 100, "fields": {"name": "Liners - Banana, Paper", "price": "57.82"}}, {"model": "carts.cart", "pk": 1, "fields": {"user": 1, "created_date": "2022-09-02T19:27:10.611Z", "modified_date": "2022-09-04T16:30:38.888Z"}}, {"model": "carts.cartitem", "pk": 9, "fields": {"created_date": "2022-09-02T19:39:19.962Z", "modified_date": "2022-09-02T19:39:19.962Z", "quantity": 1, "cart": 1, "product": 33}}, {"model": "carts.cartitem", "pk": 10, "fields": {"created_date": "2022-09-04T19:03:55.159Z", "modified_date": "2022-09-04T19:03:55.159Z", "quantity": 1, "cart": 1, "product": 2}}, {"model": "carts.cartitem", "pk": 11, "fields": {"created_date": "2022-09-04T19:04:10.666Z", "modified_date": "2022-09-04T19:04:10.666Z", "quantity": 1, "cart": 1, "product": 21}}, {"model": "carts.cartitem", "pk": 12, "fields": {"created_date": "2022-09-04T19:05:47.129Z", "modified_date": "2022-09-05T01:23:25.217Z", "quantity": 56, "cart": 1, "product": 23}}, {"model": "carts.cartitem", "pk": 13, "fields": {"created_date": "2022-09-05T01:05:42.737Z", "modified_date": "2022-09-05T01:06:01.032Z", "quantity": 44, "cart": 1, "product": 1}}, {"model": "orders.order", "pk": 1, "fields": {"user": 1, "created_date": "2022-09-02T19:28:55.381Z", "modified_date": "2022-09-02T19:28:55.381Z", "total": "839.96"}}, {"model": "orders.order", "pk": 2, "fields": {"user": 1, "created_date": "2022-09-02T19:29:59.931Z", "modified_date": "2022-09-02T19:29:59.931Z", "total": "192.00"}}, {"model": "orders.order", "pk": 3, "fields": {"user": 1, "created_date": "2022-09-02T19:32:14.758Z", "modified_date": "2022-09-02T19:32:14.758Z", "total": "192.00"}}, {"model": "orders.order", "pk": 4, "fields": {"user": 1, "created_date": "2022-09-02T19:32:39.494Z", "modified_date": "2022-09-02T19:32:39.494Z", "total": "192.00"}}, {"model": "orders.order", "pk": 5, "fields": {"user": 1, "created_date": "2022-09-02T19:33:23.383Z", "modified_date": "2022-09-02T19:33:23.383Z", "total": "74.47"}}, {"model": "orders.order", "pk": 6, "fields": {"user": 1, "created_date": "2022-09-02T19:38:32.356Z", "modified_date": "2022-09-02T19:38:32.356Z", "total": "108.34"}}, {"model": "orders.order", "pk": 7, "fields": {"user": 1, "created_date": "2022-09-02T19:39:23.352Z", "modified_date": "2022-09-02T19:39:23.352Z", "total": "26.15"}}, {"model": "orders.order", "pk": 8, "fields": {"user": 1, "created_date": "2022-09-02T19:39:38.139Z", "modified_date": "2022-09-02T19:39:38.139Z", "total": "26.15"}}, {"model": "orders.order", "pk": 9, "fields": {"user": 1, "created_date": "2022-09-02T19:40:08.846Z", "modified_date": "2022-09-02T19:40:08.846Z", "total": "26.15"}}, {"model": "orders.orderitem", "pk": 1, "fields": {"created_date": "2022-09-02T19:28:55.391Z", "modified_date": "2022-09-02T19:28:55.391Z", "quantity": 23, "order": 1, "product": 1, "total": "839.96"}}, {"model": "orders.orderitem", "pk": 2, "fields": {"created_date": "2022-09-02T19:29:59.951Z", "modified_date": "2022-09-02T19:29:59.951Z", "quantity": 1, "order": 2, "product": 2, "total": "79.90"}}, {"model": "orders.orderitem", "pk": 3, "fields": {"created_date": "2022-09-02T19:32:39.510Z", "modified_date": "2022-09-02T19:32:39.510Z", "quantity": 1, "order": 4, "product": 2, "total": "79.90"}}, {"model": "orders.orderitem", "pk": 4, "fields": {"created_date": "2022-09-02T19:32:39.518Z", "modified_date": "2022-09-02T19:32:39.518Z", "quantity": 1, "order": 4, "product": 1, "total": "36.52"}}, {"model": "orders.orderitem", "pk": 5, "fields": {"created_date": "2022-09-02T19:32:39.526Z", "modified_date": "2022-09-02T19:32:39.526Z", "quantity": 1, "order": 4, "product": 5, "total": "75.58"}}, {"model": "orders.orderitem", "pk": 6, "fields": {"created_date": "2022-09-02T19:33:23.405Z", "modified_date": "2022-09-02T19:33:23.405Z", "quantity": 1, "order": 5, "product": 3, "total": "37.95"}}, {"model": "orders.orderitem", "pk": 7, "fields": {"created_date": "2022-09-02T19:33:23.413Z", "modified_date": "2022-09-02T19:33:23.413Z", "quantity": 1, "order": 5, "product": 1, "total": "36.52"}}]